{
    "type": "minecraft:flat_cache",
    "argument": {
        "type": "minecraft:cache_2d",
        "argument": {
            "type": "minecraft:add",
            "argument1": 0.0,
            "argument2": {
                "type": "minecraft:mul",
                "argument1": {
                    "type": "minecraft:blend_alpha"
                },
                "argument2": {
                    "type": "minecraft:add",
                    "argument1": -0.0,
                    "argument2": {
                        "type": "minecraft:spline",
                        "spline": {
                            "coordinate": "minecraft:overworld/continents",
                            "points": [
                                {
                                    "derivative": 0.0,
                                    "location": -0.15,
                                    "value": 0.0
                                },
                                {
                                    "derivative": 0.0,
                                    "location": 0,
                                    "value": {
                                        "coordinate": "minecraft:overworld/erosion",
                                        "points": [
                                            {
                                                "derivative": 0.0,
                                                "location": -0.5,
                                                "value": {
                                                    "coordinate": "minecraft:overworld/ridges_folded",
                                                    "points": [
                                                        {
                                                            "derivative": 0.0,
                                                            "location": 0.44999996,
                                                            "value": 0.0
                                                        },
                                                        {
                                                            "derivative": 0.0,
                                                            "location": 1.0,
                                                            "value": 0.3
                                                        }
                                                    ]
                                                }
                                            },
                                            {
                                                "derivative": 0.0,
                                                "location": -0.2,
                                                "value": 0
                                            }
                                        ]
                                    }
                                }
                            ]
                        }
                    }
                }
            }
        }
    }
}