{
    "type": "minecraft:flat_cache",
    "argument": {
        "type": "minecraft:cache_2d",
        "argument": {
            "type": "minecraft:add",
            "argument1": {
                "type": "minecraft:mul",
                "argument1": {
                    "type": "minecraft:blend_offset"
                },
                "argument2": {
                    "type": "minecraft:add",
                    "argument1": 1.0,
                    "argument2": {
                        "type": "minecraft:mul",
                        "argument1": -1.0,
                        "argument2": {
                            "type": "minecraft:cache_once",
                            "argument": {
                                "type": "minecraft:blend_alpha"
                            }
                        }
                    }
                }
            },
            "argument2": {
                "type": "minecraft:mul",
                "argument1": {
                    "type": "minecraft:add",
                    "argument1": -0.5037500262260437,
                    "argument2": {
                        "type": "minecraft:spline",
                        "spline": {
                            "coordinate": "minecraft:overworld/continents",
                            "points": [
                                {
                                    "derivative": 0.0,
                                    "location": -1.1,
                                    "value": 0.044
                                },
                                {
                                    "derivative": 0.0,
                                    "location": -1.02,
                                    "value": -0.12
                                },
                                {
                                    "derivative": 0.0,
                                    "location": -0.2,
                                    "value": -0.12
                                },
                                {
                                    "derivative": 0.0,
                                    "location": -0.18,
                                    "value": {
                                        "coordinate": "minecraft:overworld/ridges_folded",
                                        "points": [
                                            {
                                                "derivative": 0.5,
                                                "location": -1.0,
                                                "value": -0.15
                                            },
                                            {
                                                "derivative": 0.0,
                                                "location": -0.6,
                                                "value": 0.002
                                            }
                                        ]
                                    }
                                },
                                {
                                    "derivative": 0.0,
                                    "location": -0.14,
                                    "value": {
                                        "coordinate": "minecraft:overworld/ridges_folded",
                                        "points": [
                                            {
                                                "derivative": 0.5,
                                                "location": -1.0,
                                                "value": -0.15
                                            },
                                            {
                                                "derivative": 0.0,
                                                "location": -0.6,
                                                "value": 0.002
                                            }
                                        ]
                                    }
                                },
                                {
                                    "derivative": 0.0,
                                    "location": 0,
                                    "value": {
                                        "coordinate": "minecraft:overworld/erosion",
                                        "points": [
                                            {
                                                "derivative": 0.0,
                                                "location": -0.5,
                                                "value": {
                                                    "coordinate": "minecraft:overworld/ridges_folded",
                                                    "points": [
                                                        {
                                                            "derivative": 0.5,
                                                            "location": -1.0,
                                                            "value": -0.15
                                                        },
                                                        {
                                                            "derivative": 0.0,
                                                            "location": -0.6,
                                                            "value": 0.005
                                                        },
                                                        {
                                                            "derivative": 0.5,
                                                            "location": 1.0,
                                                            "value": 0.9
                                                        }

                                                    ]
                                                }
                                            },
                                            {
                                                "derivative": 0.0,
                                                "location": -0.2,
                                                "value": {
                                                    "coordinate": "minecraft:overworld/ridges_folded",
                                                    "points": [
                                                        {
                                                            "derivative": 0.5,
                                                            "location": -1.0,
                                                            "value": -0.15
                                                        },
                                                        {
                                                            "derivative": 0.0,
                                                            "location": -0.6,
                                                            "value": 0.005
                                                        },
                                                        {
                                                            "derivative": 0.0,
                                                            "location": 1.0,
                                                            "value": 0.1
                                                        }                                                        
                                                    ]
                                                }
                                            }
                                        ]
                                    }
                                }
                            ]
                        }
                    }
                },
                "argument2": {
                    "type": "minecraft:cache_once",
                    "argument": {
                        "type": "minecraft:blend_alpha"
                    }
                }
            }
        }
    }
}